traffic,active_users,cpu_usage,memory_usage,response_time,db_query_time,system_load
1026.97,750.63,68.09,74.59,987.12,500.3,6.44
200.64,142.72,20.41,34.58,240.83,109.23,1.8
1005.39,756.33,61.72,67.59,1111.39,577.13,5.92
1084.5,821.78,75.53,73.15,1195.77,578.96,7.13
1272.81,957.44,84.25,80.64,1404.6,710.08,8.04
897.07,630.3,62.86,60.64,939.5,453.44,5.9
407.96,302.81,31.8,42.33,530.2,196.55,2.92
597.26,455.3,42.38,57.55,605.05,289.09,3.97
326.2,222.59,17.94,43.2,311.19,138.15,1.7
1096.51,772.09,71.01,73.68,1200.95,551.11,6.74
433.79,264.16,27.84,43.79,501.41,145.62,2.57
743.58,563.22,48.57,56.24,751.68,336.87,4.6
675.73,545.57,44.61,52.88,726.8,348.06,4.2
996.64,716.99,69.57,70.06,1070.9,545.08,6.55
1490.5,1111.09,94.41,88.51,1595.2,763.27,9.03
1029.8,762.46,57.62,72.0,1063.24,538.85,5.57
829.77,631.46,57.36,58.21,818.15,393.45,5.38
304.06,190.78,26.02,32.07,337.08,166.34,2.35
154.58,50.49,15.36,24.12,170.35,88.11,1.3
1477.84,1097.29,98,93.42,1539.08,764.92,9.3
750.49,563.46,55.79,56.01,903.2,403.12,5.22
1144.93,862.76,80.57,75.96,1256.57,566.42,7.59
259.05,194.25,19.95,32.33,308.3,121.17,1.81
1002.26,777.96,67.25,68.29,1159.76,520.06,6.36
430.09,311.8,26.34,38.53,334.58,201.9,2.45
377.87,265.39,24.4,39.88,313.57,168.62,2.26
1527.72,1138.17,92.4,98,1661.18,792.79,8.88
712.67,545.33,50.59,63.2,833.59,328.36,4.75
968.34,671.76,64.75,56.74,905.3,497.73,6.06
303.88,229.07,25.17,37.25,467.92,102.1,2.3
470.4,317.34,25.91,47.07,509.05,263.69,2.48
1133.5,847.73,78.94,74.52,1189.61,545.3,7.44
137.37,97.14,18.32,27.6,183.12,79.5,1.6
318.44,234.23,28.17,39.52,361.73,184.45,2.57
922.99,686.18,58.92,64.79,1006.68,504.22,5.62
1120.26,850.83,72.0,72.9,1294.1,566.77,6.86
98.31,141.58,19.8,30.05,254.47,86.09,1.74
1470.89,1046.39,90.66,91.61,1472.39,772.52,8.67
1003.24,715.74,71.97,68.09,1125.39,490.85,6.73
1449.68,1084.48,96.72,93.1,1629.55,752.6,9.19
1130.73,858.83,73.31,78.69,1152.68,624.8,6.97
195.99,153.22,26.81,31.58,210.53,84.3,2.34
1129.75,854.29,77.33,76.96,1169.12,643.32,7.33
887.85,624.64,60.17,64.45,1055.63,431.4,5.67
1268.68,891.15,81.22,82.93,1391.61,680.72,7.72
1333.04,1031.46,93.24,92.6,1357.35,759.7,8.83
1259.74,934.11,81.42,79.07,1315.0,698.23,7.76
1340.23,982.31,86.75,84.09,1361.02,733.31,8.27
413.81,271.41,28.71,45.6,456.69,199.27,2.66
336.44,289.16,31.78,38.02,356.21,159.72,2.88
1445.02,1114.65,98,98,1747.78,818.1,9.34
485.67,349.12,34.36,41.0,470.73,208.56,3.18
621.54,462.33,45.07,51.79,666.22,353.2,4.22
1121.29,809.58,72.87,76.22,1172.85,574.67,6.94
558.21,366.87,37.93,49.43,616.95,248.57,3.54
526.9,383.7,43.03,44.04,514.66,283.93,3.94
515.7,375.89,36.91,49.16,527.84,227.79,3.44
738.03,560.92,43.5,58.63,788.58,392.04,4.18
167.73,135.8,15.52,35.7,149.22,91.41,1.4
407.48,295.91,31.47,44.13,430.87,205.92,2.89
669.67,492.27,46.1,50.7,822.68,349.64,4.34
88.3,20.24,15.78,27.35,232.32,57.59,1.32
849.03,618.98,59.1,58.56,825.43,440.79,5.55
1461.92,1106.81,98,91.55,1567.24,789.87,9.35
1233.39,947.25,83.25,79.74,1428.76,671.76,7.93
1007.62,724.69,64.6,67.92,1109.48,540.5,6.15
460.77,364.21,37.24,45.68,440.33,223.44,3.43
146.99,128.0,15.17,30.53,256.93,27.56,1.34
910.37,654.06,62.61,62.96,1007.22,503.84,5.92
1210.01,838.33,71.0,80.17,1246.51,580.13,6.82
404.89,306.5,34.53,40.93,391.31,186.06,3.14
306.52,228.46,25.52,36.07,399.62,128.39,2.32
110.87,67.22,13.08,27.13,168.13,33.64,1.12
555.65,387.0,40.2,42.21,629.35,279.79,3.74
3.62,47.3,10.26,29.87,60,47.2,0.88
1189.48,870.92,79.15,78.02,1327.37,639.4,7.5
905.51,692.71,60.76,62.67,917.18,432.46,5.74
273.35,128.78,22.56,33.45,354.06,100.06,2.02
1437.8,1116.24,98,94.18,1566.88,764.3,9.32
1220.05,875.03,86.76,85.01,1247.61,632.24,8.16
680.75,531.75,44.62,59.89,740.65,364.32,4.23
1442.21,1076.42,93.49,89.16,1447.26,767.82,8.94
482.73,321.2,30.97,44.24,475.45,233.31,2.91
1320.16,975.19,87.45,83.1,1436.76,655.85,8.31
677.52,468.19,45.74,53.41,639.51,327.36,4.27
1350.39,999.55,97.42,87.09,1509.46,745.91,9.17
790.4,554.9,51.19,56.43,833.87,409.04,4.85
393.67,274.38,27.11,38.85,432.29,172.02,2.53
1142.67,890.04,75.75,79.48,1280.93,618.7,7.21
212.05,169.69,23.39,35.29,294.06,78.3,2.09
1475.93,1117.0,98,94.53,1647.99,788.97,9.34
80.95,57.5,18.23,25.38,94.9,31.82,1.54
1288.59,1002.4,82.66,84.28,1458.94,687.54,7.93
181.06,94.09,18.19,25.87,214.42,96.55,1.58
176.77,122.63,12.37,37.79,246.45,98.09,1.1
963.69,699.49,59.81,66.98,1078.21,451.52,5.71
1503.67,1157.61,92.07,91.17,1622.41,813.37,8.86
378.19,268.23,30.88,40.82,428.1,216.95,2.83
936.38,710.82,61.4,62.06,1044.3,451.63,5.83
1427.92,1036.8,86.52,83.75,1563.32,717.7,8.32
1058.33,739.06,69.87,71.12,1189.35,515.44,6.6
902.26,680.13,58.62,60.53,959.43,496.55,5.57
802.24,590.66,51.25,60.66,889.45,410.13,4.86
1491.59,1082.9,98,88.74,1552.47,766.0,9.32
139.45,68.97,10.29,22.38,228.68,70.22,0.91
989.52,743.67,64.51,71.64,988.69,496.38,6.14
551.07,393.86,47.26,46.23,592.44,256.06,4.33
506.61,433.71,35.08,49.06,581.5,306.83,3.3
852.98,647.87,54.32,66.83,875.15,418.43,5.18
320.58,256.36,23.78,41.01,517.75,232.38,2.23
963.85,725.31,59.55,66.43,1138.54,564.88,5.69
1391.62,1051.38,92.83,85.84,1450.89,730.88,8.83
512.01,302.32,35.71,47.93,606.76,196.26,3.3
853.21,579.34,54.55,65.81,953.14,371.23,5.16
824.96,590.25,54.07,64.35,886.55,450.03,5.11
273.13,204.48,20.03,34.2,343.74,119.74,1.85
343.0,230.34,28.94,43.36,417.02,211.92,2.64
1111.87,804.28,68.82,69.6,1185.37,604.1,6.58
100.29,85.38,20.75,23.13,182.0,25.45,1.77
738.12,529.41,49.99,55.55,835.89,316.65,4.71
558.16,393.01,45.78,43.99,583.19,304.58,4.22
530.92,363.53,39.99,46.58,623.2,304.09,3.71
1456.78,1057.54,89.53,90.02,1444.28,709.47,8.57
704.71,496.51,56.99,57.58,839.05,364.55,5.28
259.4,200.6,25.16,33.42,378.61,183.03,2.27
981.76,766.38,68.06,70.99,1102.77,507.89,6.42
111.73,18.87,11.78,24.08,132.7,10.83,0.99
915.1,676.83,62.53,71.93,1062.2,491.03,5.92
783.27,599.9,42.37,54.56,994.79,382.54,4.11
1029.48,792.03,66.01,66.52,1143.04,570.95,6.29
817.17,583.03,56.37,55.86,932.56,391.12,5.29
962.78,702.13,61.27,63.64,976.6,471.86,5.85
1007.44,774.07,61.89,67.91,1126.51,546.79,5.93
1169.84,875.79,65.94,75.36,1235.15,553.76,6.39
1282.14,992.08,76.22,83.75,1337.22,672.28,7.35
260.39,169.4,29.66,31.82,126.74,103.56,2.61
1490.56,1092.82,95.35,92.22,1585.47,752.66,9.11
1040.07,764.04,74.04,65.7,1168.15,563.99,6.98
140.26,57.16,16.59,25.67,178.44,87.48,1.41
1390.36,1062.78,96.38,94.24,1569.92,724.57,9.12
231.18,145.59,14.65,33.09,117.9,98.21,1.34
687.03,495.62,46.47,55.04,753.41,326.37,4.38
1483.25,1095.21,84.64,94.17,1555.02,774.22,8.19
1007.91,785.55,68.43,75.34,1188.9,564.54,6.52
1274.27,985.29,81.54,81.22,1427.39,730.02,7.81
455.84,329.43,39.13,44.18,514.52,219.62,3.55
1334.37,1010.62,87.04,85.75,1424.14,712.16,8.3
268.42,199.14,22.69,33.52,310.55,170.37,2.05
418.08,316.69,38.69,43.25,453.94,169.77,3.51
775.81,547.6,56.62,60.58,832.67,403.48,5.29
1236.03,890.34,69.4,81.84,1337.42,662.41,6.72
651.0,467.54,47.86,52.48,759.11,368.17,4.47
169.7,142.43,14.26,28.8,199.52,106.96,1.27
728.88,539.03,48.68,51.16,726.77,353.94,4.6
1131.19,857.18,74.48,78.16,1233.73,562.43,7.07
184.74,161.42,18.56,32.88,237.84,107.42,1.66
1295.46,964.43,83.02,77.75,1363.9,642.62,7.92
888.18,670.81,56.71,67.84,859.76,463.13,5.4
1158.73,833.36,70.88,78.64,1295.88,595.91,6.77
442.72,313.54,26.72,44.46,402.78,159.38,2.5
1351.07,969.38,80.34,81.34,1430.77,740.95,7.71
1280.99,968.69,82.33,80.6,1390.81,670.5,7.86
1318.16,994.48,90.37,89.2,1465.72,744.12,8.57
371.95,289.58,26.12,43.56,363.25,198.24,2.43
217.03,141.87,14.89,27.92,311.91,86.17,1.34
765.55,584.35,53.83,57.52,871.91,385.36,5.07
1026.85,793.57,74.2,73.34,1147.66,551.7,7.0
520.33,386.05,37.8,48.77,571.63,301.51,3.51
306.3,257.46,19.54,37.29,352.37,165.39,1.84
1334.25,993.86,93.12,82.48,1402.84,668.17,8.79
1098.02,829.85,76.53,75.01,1127.34,589.4,7.23
1295.84,956.49,85.23,81.38,1354.14,648.15,8.1
645.44,495.58,44.83,54.28,711.66,321.42,4.21
838.68,596.65,54.81,55.21,853.37,430.06,5.18
303.39,229.21,24.97,30.88,411.93,158.25,2.26
797.65,558.14,45.87,61.74,835.09,377.78,4.42
1008.66,712.93,66.59,69.63,1084.6,492.28,6.3
506.19,354.54,34.0,47.28,562.07,283.46,3.16
223.59,102.75,15.03,28.01,235.17,53.94,1.34
1249.82,904.03,82.23,76.37,1383.61,630.28,7.8
309.56,214.14,27.93,33.93,270.28,136.08,2.51
330.59,254.13,22.32,38.43,412.1,172.7,2.07
471.11,365.06,30.56,41.75,522.26,240.1,2.89
208.14,135.7,19.17,27.29,184.43,140.98,1.71
551.39,406.76,34.52,54.7,564.7,277.09,3.28
962.72,693.66,58.11,70.37,946.77,503.53,5.56
1279.31,929.55,77.6,82.31,1409.02,650.58,7.46
613.13,455.17,47.55,49.26,691.62,309.82,4.4
198.34,122.99,19.63,24.75,209.42,90.35,1.73
569.66,405.95,39.26,49.82,539.61,308.68,3.68
1266.69,951.61,76.49,84.03,1413.45,658.17,7.34
492.89,338.77,33.14,44.4,483.9,257.37,3.1
1250.02,995.84,88.25,83.13,1447.3,671.53,8.36
889.85,618.23,58.05,60.37,996.31,436.42,5.47
1336.51,1003.71,91.6,81.36,1545.97,697.54,8.68
487.24,339.37,26.52,46.87,582.14,242.56,2.54
595.05,430.54,39.13,49.44,640.02,321.9,3.68
164.22,61.52,10.26,22.68,178.1,60.33,0.89
1278.61,948.46,82.16,79.94,1386.87,682.37,7.84
467.14,306.97,33.31,39.28,525.84,240.4,3.08
541.59,381.82,39.1,42.89,643.37,301.52,3.62
975.2,703.65,63.43,68.44,1057.62,459.28,6.0
396.84,322.93,42.0,46.01,500.6,240.47,3.79
847.32,601.38,52.15,62.66,769.74,374.38,4.95
491.63,327.25,30.17,46.79,424.98,193.1,2.82
1142.29,858.41,68.2,74.9,1324.73,618.15,6.57
741.81,532.13,52.5,56.52,760.14,391.94,4.93
521.54,371.05,46.23,47.36,538.87,179.06,4.2
866.52,672.44,60.06,65.64,833.53,458.21,5.66
578.28,422.27,45.61,45.07,581.05,303.4,4.2
1462.58,1116.6,98,91.5,1525.17,797.23,9.34
157.27,111.74,15.41,29.78,261.34,118.78,1.38
503.36,370.74,36.98,43.86,604.29,312.79,3.45
611.24,432.65,51.97,48.77,682.06,331.73,4.75
618.7,418.88,45.37,49.95,603.14,274.38,4.22
170.05,96.09,12.37,29.63,123.2,21.06,1.07
1087.52,786.48,70.83,68.63,1142.35,529.91,6.72
1021.89,768.35,67.44,66.96,1152.87,507.31,6.4
457.82,352.48,37.79,43.27,473.72,254.34,3.46
274.33,164.14,26.04,31.65,333.71,152.88,2.32
1296.23,990.14,89.3,85.67,1342.8,722.38,8.46
1144.1,816.68,74.51,71.38,1228.75,592.32,7.06
282.82,193.74,20.32,33.76,249.52,143.8,1.86
985.75,726.13,71.0,67.82,1033.38,460.07,6.65
1333.76,972.23,80.07,80.08,1330.42,657.44,7.66
1359.79,985.5,91.82,93.56,1510.51,659.71,8.71
170.59,113.25,18.57,31.16,136.85,62.4,1.61
1482.5,1058.64,92.9,95.12,1549.47,746.63,8.87
490.2,373.67,42.71,52.43,635.85,281.96,3.92
1086.96,816.46,67.09,73.26,1219.96,594.6,6.46
977.97,738.48,67.61,66.81,1044.76,506.48,6.4
973.94,778.58,58.75,69.48,1029.69,505.84,5.65
210.83,132.39,15.59,30.31,183.53,64.96,1.39
1116.71,799.63,75.87,75.04,1264.79,563.26,7.18
523.43,399.0,39.47,48.69,647.07,267.76,3.67
972.84,757.96,66.84,70.33,1031.5,485.87,6.31
1156.46,884.67,74.19,78.44,1302.07,679.85,7.1
829.92,598.39,54.69,61.15,887.09,367.55,5.16
998.19,768.79,70.7,68.19,1054.4,565.13,6.68
1170.75,898.83,75.31,77.63,1276.92,611.58,7.19
813.0,585.16,61.39,59.99,983.09,468.19,5.72
657.49,462.56,52.1,50.69,772.83,341.63,4.81
818.14,597.83,52.75,62.95,895.17,382.17,5.0
811.27,633.94,62.72,68.9,852.76,425.68,5.85
582.3,395.45,40.06,46.1,573.09,296.99,3.74
1089.85,783.19,71.81,67.55,1132.57,548.36,6.79
810.92,560.59,53.67,54.34,763.99,389.27,5.04
303.29,214.42,27.89,35.51,351.66,155.33,2.53
1458.67,1090.27,92.65,92.96,1517.09,755.22,8.86
1248.28,879.96,78.52,78.18,1329.81,640.5,7.47
535.33,383.83,38.99,49.46,577.42,298.02,3.64
599.22,406.23,38.65,46.19,626.22,288.76,3.65
420.78,311.59,36.51,41.83,518.47,213.15,3.34
1092.77,835.7,79.15,72.19,1220.47,573.02,7.44
1010.17,823.86,74.33,65.58,1105.86,559.73,7.01
491.91,345.21,33.86,45.95,550.67,232.7,3.17
896.16,626.09,61.92,65.85,913.53,429.16,5.81
1016.3,776.84,73.51,72.89,1113.45,545.13,6.93
1229.2,893.58,81.98,77.63,1249.87,673.3,7.76
792.42,614.27,50.57,62.32,827.03,406.47,4.79
873.4,670.23,69.53,62.62,1091.29,496.28,6.48
409.85,208.54,23.39,39.42,317.89,221.08,2.16
1425.2,1061.93,89.9,89.23,1530.56,767.65,8.6
1486.09,1127.36,98,92.03,1640.29,780.46,9.35
257.82,185.92,21.57,34.81,177.66,109.15,1.93
903.99,658.39,66.11,59.72,921.46,481.86,6.19
198.01,130.35,21.7,33.12,277.2,92.89,1.91
422.97,259.41,30.2,46.04,470.81,245.02,2.8
1096.11,810.48,70.15,76.36,1171.94,512.28,6.68
1095.49,827.26,75.4,72.99,1165.0,560.56,7.13
297.39,216.44,20.22,32.43,288.14,102.32,1.85
850.38,625.43,58.33,67.66,916.89,451.48,5.51
724.9,529.47,49.11,55.85,773.21,345.11,4.63
923.54,687.95,59.28,64.9,1057.61,480.85,5.63
166.49,142.9,15.22,32.4,246.05,87.63,1.38
764.48,526.59,45.92,60.73,744.43,384.79,4.38
140.59,100.23,25.23,27.91,224.05,113.19,2.16
90.05,96.6,15.83,18.96,103.61,33.87,1.36
1482.32,1161.6,98,92.89,1565.07,784.33,9.36
848.82,624.55,60.54,66.11,919.92,405.98,5.69
408.26,290.04,29.36,44.87,426.49,169.09,2.71
1274.23,967.29,81.3,89.61,1349.62,665.31,7.76
1216.5,950.33,82.14,81.31,1379.1,659.53,7.82
96.84,65.76,21.15,28.83,175.2,36.26,1.8
400.62,279.36,27.38,40.15,355.09,210.76,2.54
511.9,380.27,37.97,49.62,657.61,296.57,3.55
397.75,294.21,38.82,38.51,401.93,227.2,3.5
632.51,516.25,54.31,53.3,715.19,363.1,5.04
698.05,517.06,47.93,50.75,707.55,362.09,4.49
1125.03,785.82,63.16,71.53,1186.35,564.35,6.11
442.57,337.0,39.73,39.27,524.91,247.99,3.6
351.87,281.29,21.89,34.66,481.45,189.62,2.05
1103.61,834.3,76.75,73.73,1220.09,594.19,7.26
1451.02,1073.75,97.16,90.59,1627.42,757.57,9.22
403.83,258.37,30.21,36.42,406.1,161.46,2.76
430.04,331.02,43.68,48.22,525.47,182.05,3.95
1388.0,1064.27,88.02,88.19,1551.15,750.0,8.43
1412.55,1064.31,94.45,92.63,1620.23,719.64,8.99
782.56,571.65,54.6,65.52,857.46,449.48,5.15
813.24,612.56,57.29,63.53,869.42,352.05,5.36
860.63,636.48,66.2,64.18,912.73,482.82,6.17
1147.32,903.88,78.46,83.17,1288.47,650.81,7.46
593.78,437.52,40.68,48.82,678.94,313.23,3.84
910.49,653.45,57.74,71.78,965.88,500.81,5.47
1076.3,749.39,71.38,73.02,1173.65,560.43,6.76
851.22,611.08,54.19,63.6,955.52,408.84,5.15
1521.57,1161.27,98,90.75,1562.65,823.92,9.35
192.56,163.56,20.56,31.69,301.93,111.88,1.83
716.09,499.59,50.44,54.33,769.71,356.19,4.72
421.88,249.82,28.96,39.94,484.16,240.79,2.67
1378.04,1032.43,92.47,86.82,1476.4,758.74,8.79
1164.92,854.83,78.8,78.49,1370.15,614.6,7.47
662.14,463.29,45.54,50.59,696.81,368.56,4.26
814.35,594.91,48.02,62.26,955.54,392.55,4.6
1430.22,1114.1,97.26,92.28,1577.06,798.8,9.25
620.71,429.47,40.09,45.92,690.67,332.33,3.77
1234.8,915.61,84.2,84.76,1269.72,620.15,7.97
541.18,394.49,37.88,49.81,619.95,270.36,3.54
321.54,258.36,27.34,38.5,409.77,164.45,2.5
936.05,718.7,62.4,69.73,1087.01,537.82,5.92
1424.81,1037.52,91.74,90.93,1538.73,744.67,8.73
819.65,594.88,50.36,61.16,883.81,426.49,4.79
413.83,299.16,33.85,43.61,608.49,196.82,3.12
528.85,388.16,38.84,50.63,515.06,303.94,3.64
1507.05,1128.59,98,92.54,1740.8,759.54,9.34
1474.73,1137.4,90.08,93.03,1654.88,781.76,8.67
1254.3,948.66,77.29,80.59,1342.03,625.58,7.42
904.26,644.28,58.2,60.39,1034.33,444.21,5.51
1274.76,928.15,76.76,82.35,1449.94,665.63,7.38
1119.48,824.92,78.07,74.87,1246.78,558.76,7.36
1403.35,1036.38,92.11,86.69,1484.95,767.48,8.78
1042.2,762.68,64.83,67.32,1075.97,518.24,6.17
1495.12,1110.64,96.77,86.06,1627.98,788.92,9.24
425.0,328.15,29.67,41.21,519.35,203.34,2.78
1174.89,883.37,77.92,79.62,1331.96,647.96,7.42
1518.81,1131.41,96.89,94.34,1601.05,758.79,9.23
753.7,579.1,52.38,56.32,943.84,387.53,4.94
267.96,150.47,20.84,31.44,274.23,133.37,1.87
350.1,256.38,29.81,36.65,390.14,147.87,2.69
1003.15,751.34,65.08,68.53,1062.86,503.81,6.19
1113.32,849.13,73.13,73.33,1258.88,615.37,6.94
338.39,268.34,27.46,44.05,376.18,135.68,2.51
920.17,686.26,58.88,71.52,957.51,456.71,5.62
1093.54,845.34,74.56,75.24,1225.96,591.42,7.06
335.01,226.17,25.84,38.62,407.25,155.84,2.37
988.95,719.76,71.74,69.48,1086.99,506.97,6.74
528.23,392.85,38.7,47.34,664.06,300.42,3.6
1448.35,1104.49,93.24,89.62,1540.12,792.29,8.93
241.38,141.81,18.27,33.11,220.32,74.73,1.62
741.11,517.41,49.46,56.56,871.33,414.25,4.67
1242.61,975.46,88.96,83.87,1328.27,594.66,8.4
248.61,131.35,16.3,43.11,274.56,82.88,1.48
1190.13,964.89,82.71,79.99,1297.96,674.44,7.87
579.78,405.99,43.26,50.96,679.55,303.08,4.03
154.05,122.08,13.67,28.52,148.43,65.42,1.21
513.31,298.31,34.22,42.5,492.01,276.21,3.17
1462.38,1053.94,96.62,93.62,1610.8,741.72,9.15
1284.0,929.37,78.01,83.25,1440.64,668.18,7.5
701.0,514.59,54.89,58.63,927.65,367.2,5.12
636.34,446.05,50.64,50.92,583.46,308.49,4.66
732.66,534.75,55.99,58.53,867.69,387.91,5.22
381.73,311.6,27.47,43.19,402.78,163.88,2.54
575.18,417.94,47.24,52.14,639.91,280.65,4.35
1322.74,988.66,88.35,84.51,1402.26,688.96,8.39
1053.93,795.16,67.02,74.82,1160.53,531.94,6.37
1403.23,1054.78,87.61,92.64,1580.79,733.59,8.39
1128.82,819.21,74.44,75.85,1183.93,572.43,7.05
1119.09,761.24,69.94,74.44,1201.45,589.74,6.66
1156.95,858.21,76.44,75.05,1141.68,601.14,7.25
286.93,191.02,22.94,34.25,258.45,113.03,2.07
1117.6,832.24,68.95,77.98,1201.72,595.28,6.61
226.19,131.49,12.97,37.17,283.46,97.95,1.2
509.0,361.21,31.39,41.98,446.46,247.97,2.95
1297.91,964.89,80.17,83.95,1368.2,686.07,7.7
208.95,78.24,14.74,28.87,184.78,34.0,1.29
918.9,618.71,59.38,61.34,864.14,457.85,5.58
592.51,419.09,50.01,49.13,668.54,319.32,4.61
468.72,334.98,35.71,39.9,459.51,209.13,3.29
679.28,494.85,42.34,53.13,790.59,345.34,4.03
834.56,638.74,52.09,60.11,814.57,392.3,4.95
1102.96,805.41,69.6,66.91,1163.95,566.14,6.62
677.21,530.05,46.97,60.01,745.76,363.16,4.44
1101.97,813.42,77.54,73.49,1111.27,585.38,7.31
352.53,251.11,25.38,42.9,345.49,156.05,2.32
1249.06,939.3,80.18,77.67,1379.24,678.93,7.65
569.84,441.19,40.9,51.91,701.47,331.96,3.84
1132.06,861.32,81.83,77.23,1282.41,589.73,7.69
669.29,499.98,48.11,48.84,647.11,358.94,4.47
676.78,523.11,47.48,52.01,775.0,373.42,4.46
820.79,590.71,58.96,52.16,872.25,425.65,5.52
744.66,590.64,49.63,60.92,822.74,404.49,4.69
885.92,688.89,55.27,65.37,977.85,421.78,5.28
397.63,242.15,28.82,39.02,424.36,162.05,2.64
609.63,394.89,42.0,49.2,547.64,268.47,3.92
1158.85,858.37,74.89,79.39,1296.0,671.39,7.11
1158.91,850.21,77.07,72.63,1152.48,572.75,7.28
1502.75,1121.11,98,97.35,1642.84,814.02,9.34
728.64,520.53,49.17,58.05,693.11,376.48,4.62
1138.0,866.94,77.64,77.39,1168.17,604.77,7.35
319.7,233.27,21.24,37.94,332.62,162.86,1.96
525.86,393.2,41.85,50.4,502.5,283.32,3.86
149.93,75.6,18.01,29.05,214.49,37.95,1.55
1057.04,844.83,74.23,73.0,1176.65,513.55,7.0
398.44,327.51,33.88,42.85,350.29,254.31,3.12
280.31,173.25,19.31,31.0,281.56,110.14,1.77
1267.52,939.92,85.44,80.02,1446.14,696.38,8.1
1278.95,961.93,80.97,83.5,1339.77,630.39,7.74
690.01,484.53,47.27,54.5,753.39,340.89,4.41
1394.88,1022.17,88.06,89.35,1505.85,687.16,8.4
165.89,121.69,19.84,35.19,181.98,37.74,1.73
1264.11,875.24,81.74,78.38,1325.88,623.02,7.77
1378.59,1048.68,91.99,91.26,1629.4,747.17,8.76
1280.93,921.4,72.24,78.56,1306.37,699.8,6.95
214.32,143.33,24.22,25.88,318.68,181.83,2.14
423.6,259.92,26.19,44.9,411.8,204.91,2.45
952.53,670.65,63.78,66.11,891.25,468.61,6.03
882.34,660.48,68.71,63.99,975.9,443.14,6.4
806.48,591.52,55.13,62.93,860.7,463.44,5.18
399.22,287.52,36.06,36.28,422.63,179.79,3.25
968.02,674.83,66.97,61.17,996.2,506.0,6.29
1436.65,1086.18,92.31,92.47,1672.02,793.15,8.82
1263.26,909.65,84.93,87.45,1208.77,622.68,8.03
1226.72,934.35,81.23,82.38,1293.25,633.94,7.71
1194.61,832.84,64.69,82.09,1226.63,599.75,6.27
1011.03,685.19,64.74,70.98,1021.97,507.55,6.12
1166.1,915.89,80.21,82.6,1301.0,639.7,7.58
1027.29,735.22,66.67,72.0,1108.11,541.03,6.32
261.34,163.98,20.14,24.7,224.92,131.07,1.81
618.05,459.21,36.64,52.28,618.87,298.18,3.51
359.1,239.47,25.01,38.91,345.66,161.24,2.28
297.88,252.71,18.45,35.04,404.44,185.67,1.74
963.55,720.5,67.02,67.32,1030.61,514.89,6.32
231.3,167.62,18.62,27.55,214.11,101.52,1.67
488.83,360.4,29.32,42.2,579.14,258.06,2.78
689.86,540.85,46.62,53.75,768.21,373.64,4.4
545.05,383.07,35.65,48.25,557.85,215.93,3.32
196.77,142.1,22.73,29.48,255.63,77.67,2.0
757.27,570.64,58.18,59.45,800.62,382.5,5.41
514.31,410.85,37.27,47.03,547.37,318.1,3.52
638.05,497.5,39.84,55.28,752.19,341.51,3.82
1382.46,1017.33,95.46,85.04,1430.56,713.87,9.04
255.1,166.23,33.0,32.63,259.78,123.48,2.89
720.55,509.3,54.03,54.56,719.55,364.97,5.01
1408.66,1043.44,87.26,90.71,1551.01,726.18,8.36
775.1,526.39,47.92,54.52,837.68,359.73,4.54
259.02,192.1,33.2,32.85,319.97,129.94,2.94
472.46,356.03,33.27,46.59,550.26,214.03,3.12
132.11,96.12,10.45,24.71,185.93,105.15,0.92
563.89,439.34,48.0,45.15,626.68,329.3,4.4
513.92,398.92,37.46,44.93,548.06,270.51,3.49
1448.83,1128.42,95.28,96.29,1581.92,775.05,9.11
404.93,251.08,30.66,33.78,367.95,202.87,2.81
299.37,239.71,30.81,40.54,337.24,153.4,2.76
383.21,227.31,28.59,41.81,356.47,209.33,2.61
490.48,327.26,34.21,43.02,534.8,262.39,3.18
963.58,731.14,59.92,65.14,1120.61,515.77,5.71
1158.32,855.19,74.61,78.6,1198.45,551.03,7.12
1300.2,966.17,85.22,88.06,1440.55,736.73,8.13
1247.95,891.55,74.75,75.48,1291.97,642.75,7.15
1225.07,974.79,78.62,78.89,1383.56,636.44,7.52
408.62,327.82,35.48,39.94,530.07,245.51,3.26
1053.8,759.07,65.67,68.08,1151.75,538.05,6.27
208.23,113.34,19.5,27.68,86.27,62.02,1.7
538.29,398.46,43.54,42.72,492.66,268.99,3.99
1020.93,745.49,61.06,62.64,1181.0,538.67,5.88
681.27,478.32,43.06,51.33,663.24,325.25,4.05
867.06,594.85,55.73,59.28,841.66,469.05,5.29
1355.67,1016.55,89.53,88.03,1371.45,723.87,8.51
335.79,231.66,30.92,39.31,336.68,167.01,2.8
1213.23,924.1,77.64,85.8,1341.85,590.41,7.42
935.21,684.56,65.81,63.59,964.65,496.69,6.18
558.88,384.96,39.4,47.41,601.01,230.4,3.64
1373.57,1046.42,88.48,83.37,1511.32,696.97,8.46
334.78,238.2,26.21,42.4,455.64,183.73,2.4
790.8,575.83,49.84,56.47,940.19,353.63,4.74
652.02,469.47,44.49,52.19,787.71,303.25,4.17
340.75,232.0,28.44,42.95,419.36,166.31,2.6
623.32,461.15,46.49,49.59,780.33,313.94,4.33
917.31,733.08,66.95,66.67,994.24,509.37,6.29
406.21,239.36,25.84,39.42,363.19,170.08,2.38
1131.55,846.63,71.25,79.62,1263.99,647.31,6.82
443.19,325.14,39.89,42.76,487.45,221.67,3.63
1058.95,812.52,66.98,72.29,1238.67,585.04,6.41
982.33,763.49,64.55,67.09,1058.58,505.95,6.14
1315.92,976.28,84.89,84.14,1410.17,685.97,8.07
367.16,286.56,31.04,43.45,424.58,178.81,2.83
814.99,631.39,54.54,59.94,763.75,386.41,5.14
1284.17,954.82,87.87,85.39,1369.54,674.57,8.32
459.88,379.98,32.73,46.13,516.63,237.14,3.03
125.86,119.72,12.88,32.3,213.23,90.61,1.12
168.6,74.19,17.75,30.69,200.38,28.57,1.53
1392.1,1029.55,89.21,89.26,1451.36,729.57,8.49
665.8,443.24,40.93,47.69,753.22,355.11,3.87
178.82,105.76,12.42,31.12,112.48,82.89,1.11
325.68,256.02,33.56,38.51,255.13,201.95,3.01
280.19,184.49,22.19,34.63,350.16,125.33,2.01
1082.94,792.38,68.02,72.53,1180.74,611.42,6.51
532.12,413.09,45.96,51.17,675.03,289.08,4.24
1024.81,811.7,59.08,69.15,1174.81,586.32,5.73
335.98,189.01,26.57,35.12,345.38,128.87,2.4
1503.58,1116.13,92.91,90.52,1664.43,784.32,8.91
1195.16,937.75,79.01,81.58,1343.28,613.6,7.55
201.64,169.93,22.57,32.19,212.57,77.51,2.0
504.67,379.42,33.55,39.85,586.04,257.13,3.16
372.49,296.72,27.87,38.28,372.69,177.03,2.59
246.37,157.7,17.72,37.72,266.61,134.2,1.61
834.61,613.92,58.02,62.96,823.03,423.88,5.46
222.73,155.22,24.82,31.21,291.36,66.41,2.2
1139.5,845.14,80.47,72.63,1160.93,547.62,7.57
699.22,502.78,53.86,59.18,794.99,368.65,5.03
1451.4,1056.3,83.43,90.12,1614.6,769.05,8.08
1156.34,861.41,68.14,72.47,1230.87,570.16,6.55
1536.88,1107.07,94.72,98,1607.09,816.0,9.07
240.28,206.27,23.44,31.81,202.55,114.13,2.11
1144.73,818.02,74.92,78.83,1252.39,574.46,7.1
1090.92,781.56,74.4,71.15,1096.6,541.89,7.01
230.2,188.44,16.57,31.17,324.12,78.97,1.52
1289.17,1004.54,86.1,80.49,1409.03,695.12,8.18
1064.76,810.79,71.39,74.01,1244.08,547.63,6.75
1069.65,833.58,78.58,74.45,1236.87,603.9,7.38
1179.46,836.18,72.87,75.93,1150.0,611.38,6.96
467.84,326.07,29.11,50.02,538.63,270.76,2.77
899.54,653.45,54.42,60.06,880.37,487.9,5.2
1391.5,1022.69,90.55,85.03,1455.24,701.51,8.64
1473.94,1116.54,93.87,90.74,1653.28,790.98,8.98
598.22,469.89,48.06,54.3,733.91,318.51,4.46
1117.18,834.25,72.46,75.55,1168.67,610.05,6.89
1007.2,774.47,64.52,75.42,1161.23,533.99,6.17
373.58,256.12,23.53,39.75,406.24,183.23,2.18
377.72,294.51,31.67,44.85,395.35,108.6,2.89
1277.65,950.77,80.72,79.81,1333.88,695.93,7.71
1017.26,721.28,61.58,74.5,1044.35,532.71,5.88
852.07,678.04,60.16,60.2,880.89,455.23,5.66
156.71,86.22,6.07,27.43,287.45,90.23,0.56
869.25,637.08,54.96,58.12,890.5,461.99,5.23
192.84,152.73,27.77,31.5,157.3,70.2,2.44
1178.75,883.0,75.39,78.4,1290.39,649.47,7.18
873.21,653.02,59.78,67.03,922.26,442.1,5.65
90.16,43.85,9.95,22.95,60,39.42,0.85
1147.77,834.16,77.8,77.32,1208.56,568.32,7.32
1166.48,893.69,75.4,75.69,1279.96,608.67,7.2
656.17,453.48,47.79,51.95,596.66,305.54,4.45
1229.64,902.27,85.2,79.46,1322.71,633.05,8.05
61.81,37.78,15.66,24.52,60,28.34,1.31
547.85,436.77,39.21,48.93,735.58,301.86,3.68
380.51,288.08,33.39,33.91,328.3,249.81,3.02
729.12,547.81,53.33,57.85,752.14,380.37,5.0
585.01,427.89,44.95,50.61,584.58,300.76,4.14
717.54,530.45,46.3,54.59,834.58,362.14,4.4
719.83,516.55,50.0,59.83,805.02,315.01,4.68
269.27,156.03,19.88,35.06,373.65,118.94,1.82
297.24,216.88,28.5,36.03,362.11,143.13,2.59
1373.97,1023.26,92.95,87.46,1487.97,748.73,8.81
621.52,469.65,42.09,52.16,727.46,369.26,3.99
1192.21,907.27,79.57,74.43,1361.02,622.53,7.56
796.56,619.29,51.85,55.76,819.98,435.12,4.93
293.4,225.69,30.46,43.21,235.65,119.05,2.74
1123.64,856.27,76.19,79.92,1261.0,621.18,7.23
156.71,129.94,12.78,30.58,171.12,50.99,1.12
1484.35,1148.74,88.87,92.89,1582.89,799.8,8.58
886.07,667.05,54.96,66.37,886.76,465.02,5.23
650.84,447.02,39.52,56.16,688.51,289.96,3.74
942.43,709.52,64.77,68.33,1006.79,485.59,6.12
325.26,272.39,30.2,39.55,308.32,185.75,2.74
761.15,576.31,57.42,63.53,848.65,407.93,5.36
930.22,697.35,66.38,66.1,1003.53,490.46,6.22
373.71,236.73,26.77,37.38,299.56,158.43,2.45
514.44,366.89,44.41,44.57,630.32,268.63,4.04
964.03,673.87,66.11,71.07,1119.21,490.0,6.23
544.88,428.87,41.97,51.92,654.46,305.33,3.91
1300.33,990.04,86.99,86.26,1443.84,661.35,8.28
142.85,67.13,18.75,30.05,215.15,78.67,1.61
1314.34,936.53,80.29,79.99,1394.58,665.35,7.68
854.02,659.94,58.53,59.24,873.2,403.41,5.51
1180.51,874.98,80.53,80.85,1388.61,624.43,7.62
509.06,343.69,38.71,49.2,469.02,254.0,3.57
287.26,175.8,20.8,30.83,306.92,107.51,1.88
1023.66,797.1,64.65,71.93,1191.97,527.19,6.17
1137.3,891.81,73.1,78.17,1255.97,595.88,7.0
502.81,405.66,37.67,40.59,498.45,241.8,3.51
722.91,526.1,51.3,59.22,851.32,356.66,4.81
1086.76,801.5,72.35,73.73,1197.13,580.48,6.87
1414.14,1066.04,91.91,91.02,1547.82,771.11,8.77
1484.57,1113.56,95.37,89.98,1591.81,836.52,9.13
992.86,753.84,63.08,65.31,1106.47,522.96,6.02
931.24,703.17,64.08,67.68,1030.56,492.66,6.06
351.77,217.56,23.12,38.42,309.84,121.92,2.12
1158.42,858.89,73.76,82.1,1216.34,619.71,7.03
1471.11,1128.86,97.99,98,1573.69,759.03,9.32
677.95,497.18,44.35,60.49,600.79,363.02,4.18
1363.0,987.01,83.77,79.0,1421.53,668.84,8.03
1205.22,873.41,71.99,79.0,1278.76,628.08,6.91
124.39,76.3,16.53,27.78,330.37,52.66,1.46
876.08,615.23,56.44,62.48,810.05,406.48,5.32
216.09,120.07,13.4,35.38,350.25,77.05,1.21
1095.32,785.07,72.78,77.47,1131.97,569.68,6.88
374.08,293.04,30.5,40.38,374.6,216.06,2.78
1009.88,754.7,67.92,71.21,1136.81,507.88,6.46
846.97,583.05,57.5,56.9,851.14,464.4,5.38
492.1,376.53,42.86,46.41,543.73,212.71,3.91
778.7,614.7,60.2,67.49,820.97,408.06,5.62
1096.51,804.05,68.17,71.95,1140.52,547.86,6.51
877.7,668.68,56.28,61.53,950.57,435.69,5.35
1061.93,841.19,71.8,75.91,1238.97,593.8,6.82
427.48,304.81,32.04,44.18,475.29,193.0,2.94
1497.47,1126.37,96.58,95.3,1583.7,821.76,9.2
821.59,582.67,54.87,64.86,878.44,405.32,5.19
1123.9,816.75,65.81,73.96,1185.73,542.17,6.31
549.57,426.62,43.0,50.87,735.79,342.91,4.02
1486.84,1126.8,93.36,90.92,1542.25,780.66,8.94
1015.42,787.82,72.91,70.25,1219.15,542.05,6.88
312.5,232.73,21.51,38.75,277.99,94.22,1.97
192.9,134.5,16.78,32.27,289.22,76.71,1.48
426.44,355.55,31.86,47.01,508.21,261.82,2.98
386.54,251.47,22.83,31.81,363.62,165.32,2.12
329.26,232.54,30.0,34.07,367.83,179.99,2.7
1206.14,893.51,81.06,82.17,1254.55,637.87,7.67
431.25,341.82,38.46,46.53,497.96,254.28,3.5
1314.6,1009.63,90.92,84.64,1492.65,692.28,8.61
1480.79,1100.86,90.76,90.43,1549.38,760.07,8.73
825.25,608.9,54.16,64.7,855.44,442.4,5.14
609.08,462.64,50.81,50.61,625.73,323.56,4.67
816.74,563.24,56.66,56.73,830.6,417.46,5.28
505.09,369.37,34.3,47.71,533.56,230.22,3.21
314.73,206.77,23.79,38.05,372.17,136.01,2.18
1226.9,868.47,76.44,76.27,1185.09,619.32,7.29
688.32,490.1,46.11,58.04,710.45,332.35,4.34
984.88,733.32,70.27,69.73,1088.78,515.3,6.6
461.59,312.8,35.4,45.55,519.28,212.12,3.27
558.7,327.4,31.9,48.01,675.7,244.77,3.03
1500.45,1102.54,97.9,93.08,1673.73,784.33,9.3
1271.03,935.88,82.63,79.95,1307.77,666.05,7.87
1176.72,860.56,76.07,73.02,1236.33,628.45,7.22
1059.69,809.29,69.8,72.06,1130.67,584.54,6.63
436.58,314.48,39.86,38.84,519.01,225.04,3.63
990.89,750.92,66.1,70.8,1073.86,519.48,6.27
146.82,71.2,12.44,26.3,182.27,70.15,1.09
170.07,117.32,25.46,31.32,270.69,129.75,2.23
1100.27,807.44,73.54,82.53,1097.29,582.12,6.97
1232.84,935.5,79.87,78.76,1436.71,688.75,7.62
764.39,584.59,52.89,57.13,899.08,412.5,4.99
1134.51,884.18,79.36,74.32,1248.61,609.45,7.49
506.72,387.4,43.13,45.72,582.57,244.02,3.95
134.04,41.21,14.06,31.09,71.63,22.65,1.19
612.87,468.06,40.1,50.81,771.28,311.48,3.81
230.98,165.54,22.58,31.37,244.84,122.93,2.01
810.25,592.52,56.77,55.21,838.51,365.23,5.31
428.33,344.82,42.34,45.9,558.52,232.08,3.84
1409.54,1039.32,93.26,88.71,1457.56,743.02,8.84
603.12,418.58,43.63,51.69,692.09,332.11,4.08
1460.63,1082.07,92.47,87.47,1626.55,773.14,8.84
429.63,310.63,33.37,39.31,533.88,247.15,3.08
563.3,445.59,44.58,48.84,705.33,314.94,4.14
618.41,470.49,37.53,49.61,778.88,257.55,3.53
521.33,424.2,34.09,49.76,558.64,253.24,3.23
395.82,239.43,30.14,47.63,449.51,168.07,2.77
1166.61,841.36,61.86,74.79,1269.83,584.76,6.03
404.96,286.11,33.76,36.4,512.86,192.92,3.08
899.62,652.27,63.49,64.6,1002.5,474.36,5.96
928.99,718.04,65.45,67.41,958.16,514.48,6.15
1133.29,830.25,77.03,71.57,1166.22,540.96,7.29
930.47,727.47,61.75,66.11,1055.11,529.58,5.86
595.12,410.68,47.37,44.88,718.44,301.69,4.37
996.56,709.77,61.28,68.88,1051.1,524.91,5.83
279.23,209.35,31.03,36.99,369.09,120.44,2.77
925.23,699.27,62.19,69.57,1039.31,496.2,5.9
932.62,679.12,65.21,66.81,956.99,472.69,6.12
248.63,185.78,22.08,32.82,249.3,99.78,2.0
476.04,329.43,29.13,48.34,525.49,248.63,2.72
681.4,523.8,47.69,54.28,909.96,330.34,4.48
1000.48,721.64,65.73,68.86,1021.75,512.58,6.22
624.42,421.01,45.17,51.82,639.77,370.82,4.21
1341.46,997.92,86.04,84.45,1450.21,697.53,8.21
366.66,272.04,26.91,39.29,433.44,147.81,2.49
283.43,197.19,19.04,32.69,328.16,149.96,1.76
500.27,333.2,41.94,46.31,543.08,271.3,3.84
495.37,322.25,35.85,43.55,461.6,260.97,3.31
365.04,332.9,34.7,42.71,408.0,225.93,3.17
322.64,249.98,28.78,37.77,456.47,170.91,2.62
552.22,418.46,38.56,50.64,588.44,272.23,3.61
1452.76,1120.81,90.35,89.1,1552.09,823.48,8.7
103.65,72.47,19.47,32.28,126.01,42.07,1.66
667.57,459.36,42.84,50.23,724.03,323.99,4.03
1506.12,1103.95,92.84,92.4,1656.85,802.13,8.9
1254.12,913.35,79.45,77.5,1476.51,703.55,7.58
1530.46,1151.45,98,92.0,1565.21,729.11,9.34
230.46,208.98,21.2,28.23,244.61,136.2,1.91
621.76,512.08,54.69,49.48,831.96,339.3,5.05
251.71,190.44,18.78,30.94,249.2,91.75,1.69
407.62,284.71,30.24,38.09,458.79,172.04,2.8
1078.09,853.27,71.06,74.93,1216.82,582.61,6.78
1208.32,887.34,72.12,81.08,1278.2,663.33,6.93
241.21,94.57,20.8,27.05,256.73,64.05,1.81
431.8,319.42,32.86,39.35,552.32,204.26,3.03
1131.21,849.5,80.85,73.26,1243.03,576.95,7.63
1359.02,970.41,79.14,82.54,1311.92,667.1,7.59
822.97,608.55,55.36,64.05,997.13,411.82,5.23
718.51,564.1,56.22,58.51,895.77,414.33,5.24
732.87,533.18,52.54,49.66,772.16,372.85,4.92
664.71,503.35,42.24,51.4,798.84,355.77,4.02
423.1,283.45,35.34,37.93,506.6,228.85,3.25
711.79,555.97,45.37,59.99,786.72,314.55,4.32
597.81,482.53,48.97,49.48,660.52,312.69,4.53
1356.84,1026.31,83.71,87.07,1387.28,705.85,8.02
998.18,740.54,67.51,72.86,1131.92,513.09,6.38
1317.76,985.43,87.75,83.39,1392.77,668.12,8.34
704.44,507.83,47.44,57.49,687.73,321.61,4.45
1290.12,955.86,82.35,82.09,1314.33,691.2,7.85
1278.27,1005.45,88.03,84.61,1472.85,694.92,8.34
954.0,694.61,65.13,65.95,1067.22,470.05,6.16
1448.22,1078.01,89.46,92.36,1567.75,775.6,8.57
874.61,659.85,58.25,61.27,941.88,424.32,5.51
1079.78,804.81,71.13,69.52,1173.45,596.4,6.76
1145.54,781.25,69.96,77.2,1228.79,549.77,6.66
1514.78,1147.07,93.1,93.26,1595.08,781.44,8.95
310.52,224.96,27.7,37.57,390.43,199.97,2.52
276.9,148.38,26.28,33.24,343.75,100.88,2.33
1021.09,747.11,65.43,74.82,1149.25,511.7,6.22
587.7,402.37,36.37,51.72,593.18,273.13,3.42
323.66,252.49,22.94,31.39,296.47,172.53,2.12
741.39,547.42,49.89,58.08,790.75,406.04,4.74
1167.49,848.78,75.32,74.4,1242.6,587.56,7.17
1089.99,763.19,64.55,79.29,1176.1,558.49,6.2
1472.59,1102.28,93.01,92.57,1562.68,750.91,8.93
1163.71,856.67,80.69,78.22,1265.64,592.79,7.63
751.88,538.27,50.23,58.02,707.35,386.93,4.73
1399.09,1051.09,85.87,89.32,1631.75,758.22,8.25
1099.3,846.08,80.03,81.04,1118.67,622.12,7.55
1088.22,810.8,64.08,73.57,1148.21,550.59,6.15
1418.95,1048.26,96.01,92.01,1564.19,781.27,9.12
1022.97,791.72,65.46,76.98,1153.89,531.96,6.25
469.79,366.93,37.47,45.51,538.35,240.14,3.45
966.33,729.16,63.51,70.73,1132.26,535.48,6.04
491.05,363.51,33.61,43.05,549.13,233.57,3.14
757.23,555.21,56.46,59.0,896.45,406.7,5.27
959.47,673.12,60.4,64.76,939.57,503.59,5.74
986.82,772.82,69.86,68.6,1214.02,579.23,6.63
1386.53,1060.59,88.57,85.05,1534.13,724.63,8.48
426.76,272.07,34.65,39.11,369.56,188.05,3.16
1244.04,899.34,84.3,80.86,1371.77,623.7,7.97
331.49,208.52,27.99,37.96,275.27,176.6,2.54
526.33,377.7,36.06,47.19,644.74,249.38,3.4
898.8,644.85,55.17,67.99,897.21,415.57,5.25
718.55,501.93,49.95,59.88,834.57,415.58,4.69
879.21,678.63,56.43,66.07,959.2,479.67,5.39
1476.9,1100.13,96.9,87.17,1625.9,749.45,9.22
1076.06,789.05,75.34,66.99,1122.46,539.61,7.07
310.96,224.26,20.57,37.78,405.82,152.11,1.89
489.09,376.25,36.01,53.93,653.14,206.69,3.38
581.89,424.91,45.66,48.84,666.59,308.04,4.22
607.5,449.35,41.61,45.52,756.85,281.5,3.91
1338.84,1025.14,83.69,87.22,1478.02,682.07,8.01
855.59,627.21,60.37,65.89,896.83,492.76,5.69
340.91,214.27,26.29,36.66,347.78,185.1,2.38
715.59,601.57,58.8,61.25,885.0,380.81,5.48
1203.08,901.26,81.89,83.46,1303.52,614.47,7.77
608.56,458.39,35.72,47.14,715.42,304.59,3.4
652.81,492.0,52.47,53.23,710.92,342.03,4.87
773.17,565.41,52.07,50.17,836.59,443.8,4.92
800.46,574.28,55.83,59.34,681.07,384.33,5.21
163.37,106.91,18.21,31.38,300.5,61.83,1.61
731.81,559.15,51.9,54.7,802.62,434.08,4.89
554.56,372.1,36.85,40.41,540.64,242.39,3.42
770.05,570.6,59.96,57.79,801.56,379.47,5.56
150.85,134.53,18.72,32.35,334.48,79.81,1.66
112.43,67.81,11.3,25.06,154.87,10,0.96
450.05,312.63,36.9,37.6,524.22,222.99,3.39
303.59,200.38,11.77,35.4,284.64,140.51,1.15
707.1,519.78,49.49,53.07,710.33,342.06,4.65
260.67,188.37,19.87,37.83,211.97,115.95,1.8
622.9,443.15,49.61,56.38,698.07,378.32,4.59
703.05,497.28,50.12,55.63,756.95,406.04,4.72
1415.61,1113.53,96.51,89.83,1606.96,769.6,9.19
995.42,784.37,68.24,65.92,1095.07,521.42,6.47
563.47,405.6,35.3,47.3,615.55,290.08,3.35
243.24,164.35,21.03,34.24,262.72,103.12,1.87
247.17,136.22,24.92,25.12,176.67,71.35,2.19
262.14,169.52,17.56,28.04,227.98,58.78,1.61
1372.8,1017.64,79.87,89.17,1393.52,687.49,7.73
432.3,366.26,36.21,41.72,546.75,245.73,3.35
1190.14,910.69,88.11,82.16,1363.54,628.66,8.28
823.92,575.17,56.31,62.57,936.12,435.0,5.28
362.38,254.08,30.38,38.92,470.16,224.53,2.79
393.17,333.44,36.95,45.99,455.15,254.18,3.38
449.6,300.96,30.62,42.02,489.42,259.82,2.87
736.56,498.62,50.6,51.88,778.73,427.19,4.74
1233.91,947.39,85.81,81.14,1317.24,652.52,8.13
1007.33,738.49,56.43,67.61,1109.57,542.44,5.46
1182.1,879.17,81.74,79.38,1367.19,636.85,7.73
1363.79,1018.68,93.97,89.91,1459.44,722.98,8.91
353.65,233.7,27.17,38.59,387.4,154.86,2.5
868.0,615.36,59.02,62.35,961.01,482.79,5.56
175.49,114.18,13.48,25.11,65.6,36.16,1.17
246.03,189.27,26.96,35.81,279.78,125.15,2.43
1448.39,1062.76,92.63,90.61,1537.48,761.43,8.82
1216.14,921.06,74.05,77.56,1370.18,667.1,7.12
1247.11,956.06,74.19,83.39,1329.47,685.78,7.14
582.51,398.09,44.83,52.03,512.48,289.27,4.13
933.48,705.24,65.62,68.93,953.39,477.1,6.18
722.49,525.19,56.0,59.12,718.01,334.18,5.19
99.85,62.36,14.09,27.27,60,10,1.19
698.71,473.86,46.83,52.23,693.62,330.24,4.4
709.21,488.86,49.88,54.28,738.74,285.13,4.65
994.13,718.61,68.87,68.97,1117.65,536.94,6.49
191.39,173.49,17.5,31.18,168.25,104.31,1.57
496.27,379.21,31.61,37.1,533.95,225.24,2.97
1086.37,789.09,68.7,75.04,1224.57,524.87,6.53
1219.24,887.2,79.44,77.24,1213.73,622.93,7.53
279.89,155.05,19.01,31.66,358.32,127.42,1.72
556.26,387.52,45.35,50.63,565.88,295.63,4.17
371.66,291.48,32.71,39.38,415.5,221.88,2.99
667.74,492.77,37.95,46.08,727.77,330.97,3.63
1096.31,810.0,74.17,70.79,1217.33,575.82,7.01
1330.19,1000.79,84.67,83.9,1601.62,748.34,8.12
1361.96,1003.86,72.37,85.52,1368.25,651.95,7.06
479.69,322.93,36.08,47.21,477.17,196.46,3.34
957.43,714.88,74.09,66.69,1032.7,513.89,6.88
1224.56,895.11,71.01,79.5,1236.93,636.4,6.84
425.05,308.54,31.57,34.54,506.9,226.67,2.92
1043.14,768.51,65.59,74.74,1032.8,556.17,6.24
74.14,80.52,16.97,24.54,86.58,50.0,1.44
720.05,529.17,59.57,60.23,831.96,383.94,5.52
690.06,556.66,41.76,53.41,738.18,359.61,3.99
1356.48,1007.91,93.4,85.15,1448.05,721.3,8.84
592.63,435.46,45.76,54.01,702.0,346.03,4.25
395.17,268.62,33.06,41.57,390.27,215.23,3.0
1481.03,1128.83,95.06,94.9,1669.17,768.99,9.07
503.07,356.28,30.96,44.72,589.87,269.38,2.91
1043.2,788.07,65.13,68.77,1117.7,596.9,6.24
1492.58,1095.18,91.34,91.18,1531.22,775.41,8.74
1482.64,1106.47,92.74,88.64,1535.6,792.61,8.88
971.85,780.84,63.89,68.5,1121.19,498.81,6.08
1012.47,760.42,69.46,68.55,1073.61,561.87,6.56
657.12,519.52,44.93,57.39,638.32,330.38,4.24
721.19,543.81,50.89,54.38,853.31,370.49,4.78
1488.51,1107.23,92.82,95.59,1712.67,810.65,8.9
1097.35,875.24,76.49,70.92,1175.84,572.97,7.23
446.05,310.71,34.64,43.32,533.57,223.43,3.17
120.93,98.24,11.51,30.11,193.51,63.11,1.0
1390.35,1069.43,93.86,92.06,1531.29,741.95,8.93
1172.98,854.88,74.26,73.43,1372.61,586.16,7.07
1489.38,1119.22,88.35,91.04,1649.98,754.22,8.54
1151.97,844.02,71.66,75.4,1295.15,556.61,6.85
733.69,538.89,47.01,53.14,918.13,383.06,4.45
513.77,353.88,30.28,45.96,565.16,267.32,2.86
347.88,281.24,36.92,36.33,425.24,167.58,3.31
1301.53,996.89,84.62,87.49,1407.63,741.38,8.08
203.26,122.04,26.74,30.88,332.41,82.45,2.33
1439.77,1130.05,98,95.99,1623.39,796.51,9.33
817.63,527.97,62.11,61.3,812.0,395.61,5.75
695.93,485.87,41.3,52.04,704.83,344.83,3.93
326.31,265.08,35.22,39.49,347.95,180.87,3.16
885.28,661.16,63.22,64.19,938.44,506.84,5.94
735.17,533.5,48.6,59.81,794.33,386.45,4.62
239.38,233.34,28.31,35.38,250.37,89.91,2.5
1319.38,985.44,85.98,84.36,1440.28,669.69,8.21
1310.18,980.14,81.21,89.75,1434.89,694.16,7.78
427.14,364.17,33.41,46.04,498.76,180.02,3.11
826.75,598.86,61.73,63.78,866.22,376.98,5.76
1270.48,940.52,80.7,78.67,1422.61,697.06,7.72
1303.92,952.41,79.59,85.11,1478.11,637.64,7.62
238.48,168.16,24.03,38.09,190.89,69.19,2.13
811.2,618.65,57.28,60.32,920.15,425.35,5.4
1292.65,936.21,80.99,84.96,1263.81,685.16,7.73
948.54,686.0,63.16,66.13,990.52,498.16,5.98
1333.6,997.56,87.18,86.1,1468.01,727.04,8.29
1254.96,922.01,79.48,79.0,1376.44,671.12,7.56
836.26,613.12,56.13,62.05,815.79,404.77,5.29
1229.3,899.73,81.36,78.65,1331.95,628.75,7.72
1363.42,959.77,83.38,85.66,1410.73,644.4,7.96
420.32,307.49,32.2,41.69,509.92,216.98,2.97
513.99,342.1,38.04,44.5,600.37,251.49,3.51
1083.96,841.4,63.52,77.34,1243.73,586.9,6.14
634.44,475.19,53.42,57.22,707.04,329.72,4.91
280.08,166.47,22.61,34.21,334.72,125.17,2.05
473.78,347.79,40.68,44.37,524.45,226.68,3.73
1323.84,992.24,88.02,82.01,1394.61,685.42,8.36
1516.38,1144.04,92.46,96.58,1663.6,815.98,8.9
651.15,481.19,56.3,49.3,780.12,399.93,5.17
507.79,386.57,46.6,52.7,580.98,286.0,4.29
1097.19,822.77,74.77,70.77,1242.58,558.51,7.09
930.84,720.19,62.64,72.27,1061.14,510.25,5.94
791.74,585.01,55.83,60.39,905.2,447.11,5.25
1461.6,1132.53,98,96.47,1619.2,791.42,9.33
1174.72,840.03,78.39,81.83,1267.62,591.82,7.43
598.24,405.5,42.52,48.83,684.31,242.74,3.96
626.68,483.06,43.99,52.05,656.58,277.74,4.13
511.49,358.21,42.27,49.77,571.8,249.38,3.89
1038.43,764.41,65.97,70.76,1094.46,569.64,6.31
581.06,477.12,42.89,50.52,699.92,352.04,4.04
166.53,85.55,10.59,30.99,163.12,98.88,0.92
593.65,429.89,39.02,51.07,593.75,281.2,3.66
973.83,736.18,70.86,71.39,1113.88,527.9,6.68
504.49,412.46,32.21,45.15,689.89,275.35,3.08
956.84,690.22,58.54,68.65,987.81,487.75,5.58
1043.71,805.87,70.4,69.54,1111.9,533.75,6.68
663.73,525.26,51.27,49.93,765.68,345.01,4.8
174.27,96.85,17.08,33.22,231.6,102.46,1.48
212.52,154.95,21.58,28.4,341.73,110.04,1.91
1010.28,792.48,63.48,72.14,1162.96,541.02,6.07
